title,description,price,odometer,est_value,real_value,year,make,model,trim
2015 Ford F150,"2015 Ford F.150 Lariat, 4x4 Supercrew 3.5L V6 Ecoboost Engine 6.5 Box 20â€ wheels, Truck has new tires 229, 759km Selling AS IS Asking $19,500.00 OBO",19500,229759,6506,13500,2015,FORD,F150,LARIAT
2019 Ram 1500 Classic,Ram classic quad cab 3.0 Ecodiesel 131000km Dealer services Rear seats never used Power windows Power locks Cruise Factory Sony sound Backup camera Heated seats Heated wheel Tow package Not perfect ...,22500,131000,21750,19000,2019,RAM,1500 CLASSIC,OTHER
2011 Ford F150,2011 Ford F150 XLT Regular Cab Short Box 144597 Kms 3.7L V6 Remote Start Tonneau Cover Tinted Windows Trailer Towing Pkg Reason for Selling Retired No Longer Need 2 Vehicles If Add is UP itâ€™s Still ...,13999,144597,6939,6500,2011,FORD,F150,S
2019 Gmc Sierra 2500Hd,For sale 2019 Denali with 217k fully deleted but I have all the stock parts.lots of extras serious buyer only msg for more pictures,45000,217000,41115,40000,2019,GMC,SIERRA_2500HD,DENALI
2015 Chevy Silverado LTZ,"Check out this 2015 Chevy Silverado 1500 LTZ! This used truck with 191000km is ready for anything with a 5.3 V8 engine. It's got all the bells and whistles you'd expect from a top-of-the-line trim, ...",16000,191000,,7500,2015,CHEVROLET,SLVRD1500,LS
2017 Ford F150,Ford F150 4x4. Engine. 2.7 EcoBoost V6. Sport. 2017. Itâ€™s 6 speed transmission itâ€™s very powerful 325 horsepower 4x4 works great no issues at all come with safety certificate has revers camera Only ...,12900,191000,14936,13000,2017,FORD,F150,S
2018 Gmc Sierra 1500,Iâ€™m sell my 2018 Gmc Sierra 1500 Denali 5.3 V8 ultimate package Crew Cab 4x4 Fully loaded leather heated electric seats cooled seats heated steering wheel back up camera bose navigation system blind ...,27900,148700,20003,26500,2018,GMC,SIERRA1500,DENALI
2018 Gmc Sierra,"Iâ€™am selling my 2018 GMC Sierra 1500! Power Windows,Power Lock,back up camera Bluetooth aux in 6 seater cruise control very good condition no rust no issues drive very smooth only serious buyer ...",11500,208567,21202,14000,2018,GMC,SIERRA1500,OTHER
2019 Ford F150,2019 Ford F150 XLT 5.0 V8 4x4 Was used as my work truck Runs and drives excellent Replaced brakes all around recently Interior needs a good cleaning / detail Body has no rust Underneath is clean Body ...,16000,194000,17889,19000,2019,FORD,F150,S
2019 Ram 1500,"Selling my RAM sport Turn Key truck ready for leisure or work Has all the bells and whistles Large touchscreen, black leather heated seats, cooled seats small upgrades like flowmaster american ...",32000,209000,14584,24500,2019,RAM,1500,OTHER
2019 Ram 1500,"Selling my RAM sport Turn Key truck ready for leisure or work Has all the bells and whistles Large touchscreen, black leather heated seats, cooled seats small upgrades like flowmaster american ...",32000,209000,14584,25000,2019,RAM,1500,OTHER
2019 Ram 1500,"Selling my RAM sport Turn Key truck ready for leisure or work Has all the bells and whistles Large touchscreen, black leather heated seats, cooled seats small upgrades like flowmaster american ...",29500,209000,17777,23500,2019,RAM,1500,SPORT
Excellent 2018 Chevrolet Silverado 1500 LT Super Crew 4x4 Clean,"PRICE REDUCED FOR QUICK SALE! Very Well Maintained, Excellent Condition Mechanic Everything Working and Running Excellent and Perfect condition. Only one owner Never Ever Had an Accident No Rust ...",15995,250000,,7500,2018,CHEVROLET,SLVRD1500,OTHER
2011 Ford F150,"F-150 2011 FX4 5.0 in excellent condition. Step up ladder tailgate, backup camera and more. New brakes, rims sandblasted and redone, highway kms, and synthetic oil changes. Kept indoor when parked",13900,205000,9002,4000,2011,FORD,F150,S
2015 Ram 1500,run gread. Ram eco diesel V6 engine too expensive for me fill full tank I love it but need money now. So I sale it. No damage. No issues. Only problem is I need money. Email :wingle1992@hotmail.com ...,15500,16345,23791,9500,2015,RAM,1500,OTHER
2017 Gmc Sierra 1500,"20k nego ou echange Gmc sierra 1500 2017 159 000 kilo boite 6,5 avec un lift kit 6 pouce 4x4 a bras exhault cherry bomb, mag 20x10, spacer 2 pouce, tire 35x12.5x20 pneu neuf dessus 4 saison brake ...",20000,157000,17127,14000,2017,GMC,SIERRA 1500,OTHER
2014 Ford F150,"2014 Ford F-150 Lariat â€“ 5.0L V8, Strong Runner 2014 Ford F-150 Lariat with the 5.0L V8. Runs and drives well, solid engine and transmission. 4x4, higher kilometres. Truck has rust on lower doors and ...",6500,232000,8804,12000,2014,FORD,F150,S
2016 Ford F150,"XTR Package with 5.0L, cloth seats, backup camera, tunnel cover, backrack, tow package, 4X4. Always Undercoated. New tires, new brakes, new alternator.",24000,236000,10101,8000,2016,FORD,F150,OTHER
2015 Gmc Sierra,"2015 GMC Sierra 1500 ALL TERRAIN Double Cab with 5.3 litre V8. â€¦. Very well maintained with 220500 km. Two sets of tires and rims , currently had BF Goodrich Ko2 315/70/17 and summer rims and tires ...",14999,220500,13568,9200,2015,GMC,SIERRA1500,OTHER
2015 Ram 1500,"Reliable 2015 Dodge Ram 1500 EcoDiesel pickup truck that combines performance with outstanding fuel efficiency. With its 3.0L EcoDiesel engine, this truck is perfect for towing, hauling, or everyday ...",12500,230000,7525,7500,2015,RAM,1500,ST
2017 Ram 1500,"Rambox with towing package, 10,640 lb towing capacity, 5'7"" box with Roll n Lock tonneau cover, certified, great condition",28000,143000,18962,24000,2017,RAM,1500,OTHER
2018 chevy silverado Low KM,"2018 chevy silverado. on 6 inch pro comp lift, 35-12.50-20. sports bar. new Aluminum powder coated step bars. bucket seats heated seats. navigation, custom dual exhaust 5.3L. low KM 91,000. truck in ...",30500,91000,,24000,2018,CHEVROLET,SLVRD1500,RS
2018 chevy silverado Low km,"2018 chevy silverado. on 6 inch pro comp lift. 35-12.50-20. sports bar. new Aluminum powder coated step bars. 5.3L. bucket seats. heated. navigation, spray bed liner. custom dual exhaust truck in ...",30500,91000,,21000,2018,CHEVROLET,SLVRD1500,RS
2018 chevy silverado Low KM,"2018 chevy silverado. 6 inch pro comp lift kit. 35-12.50-20. sports bar. Aluminum Assist bars. 5.3L. box spray liner. buckets seats. heated seats. truck in great condition, 29,500",29500,91000,,23500,2018,CHEVROLET,SLVRD1500,RS
2018 chevy silverado Z71,2018 chevy silverado Z71. on 6 inch pro comp lift dealer installed. 35-12.50-20. sports bar. new Aluminum assist steps. 5.3L. spray in liner. truck has everything but leather and sunroof. in great. ...,30500,91000,,22500,2018,CHEVROLET,SLVRD1500,SS
2018 chevy silverado Z71,"2018 chevy silverado Z71 Low km. 91,000. on 6 inch pro comp lift. sports bar. and new Aluminum assist steps. 5.3L. spray in liner. bucket seats. truck is in great condition. $29,500",29600,91000,,20000,2018,CHEVROLET,SLVRD1500,OTHER
2018 chevy silveradow Low KM,"2018 chevy silverado. on 6 inch pro comp lift, 35-12.50-20. sports bar. new Aluminum step bars. 5.3L. box spray, bucket seats. heated. navigation, custom dual exhaust. truck in great condition. ...",30500,91000,,22000,2018,CHEVROLET,SLVRD1500,RS
2019 chev trailboss,"Selling a great shape trailboss, lots of work done to truck, four inch lift , fox shocks, airbags, 22x10 motometal rims, all windows tinted, does not get driven in winter truck is super clean ...",22000,270,,13700,2019,CHEVROLET,SLVRD1500,OTHER
2021 Ford F150,"Very nice truck at a fair price. Comes with winter tires. No accidents. Leather, power tow mirrors 6 1/2 ft box 3.5 engine with 75 hp electric hybrid motor. PRICIS IS FIRM. If you canâ€™t pay that ...",33000,165000,29726,33000,2021,FORD,F150,LARIAT
2023 Ford F150,- Great condition - Slip tank available for extra $ - Well maintained,89500,65000,44317,43500,2023,FORD,F150,S
2018 Chevrolet Silverado!,100th anniversary edition! Z71/LTZ Fully loaded except no sunroof Bow tie emblems Heated and ventilated seats Bose audio with touch screen 5.3L V8 with 8speed Wireless charger 22â€ rims and new tires ...,41500,72500,,32500,2018,CHEVROLET,SLVRD1500,OTHER
2019 Ram 1500,"BIG HORN MODEL! Priced $8000 to $10,000 below comparable big horn models. Priced for a quick sale. Price not negotiable. this is a beautiful 5th generation Dodge ram pick up. This Hemi powered V8 is ...",21995,149995,23141,22000,2019,RAM,1500,BIG HORN
2024 Chevrolet Silverado 2500Hd,"2024 Chevy Silverado 2500HD, 6.6L Duramax, 42,500kms, 1 owner, no accidents or damage, Alaskan pkg (never had a plow installed), crew cab, 6 passenger 6â€™8â€ box, Michelin LTX tires, steps, soft fold ...",64500,42500,62086,48000,2024,CHEVROLET,SILVERADO 2500HD,LT
2017 Ram 1500,I am the original owner and bought it new in 2017. Itâ€™s never been in any kind of accident. There arenâ€™t any dents or major scratches on the paint which still has a great shine. It has newer BFG ...,21000,174500,16617,23000,2017,RAM,1500,OTHER
2018 Ram 1500,"2018 ram 1500 deleted eco diesel 187,000 km. Sport appearance, leather,4x4. Well taken care of, runs great! Just looking to get away from a diesel as I moved and only have 5 min to work now. 22,000 ...",22000,187000,17539,5000,2018,RAM,1500,SPORT
2013 Ram 1500,"Je vends mon pick-up Dodge Ram 1500 2013, un vÃ©hicule robuste et fiable, parfait pour le travail ou les aventures en plein air. Ce camion a Ã©tÃ© bien entretenu et est en bon Ã©tat, prÃªt Ã  affronter ...",13000,188000,8774,6500,2013,RAM,1500,ST
2017 Ram 1500,Dodge Ram 1500 HEMI 2017 Automatique Groupe Ã©lectrique Radio AM/FM Air climatisÃ© Banc toujours protÃ©gÃ©s Bluetooth 4X4 Commande au volant Crew Cab 5.7L / 8 cylindres HEMI TrÃ¨s propre 219 000 KM ++ ...,15998,219000,12396,11500,2017,RAM,1500,OTHER
2019 Ford Super Duty F250 Srw,"6.7 L turbodiesel Mag 20"" pneu homologuÃ© 35"" BoÃ®te de 8 pied 185 000 kilomÃ¨tres Dans le 6 dernier mois j'ai changer : Trac bar Drag link Tie rod Frein au 4 roue Beering 4 roues. Les moins : Fissure ...",37000,185000,41487,38500,2019,FORD,F250,OTHER
2018 Ford F150,"Ford F150 Lariat, diesel, 2018, 195000km moteur 6 cyl 3.0 litres diesel powerstroke Supercrew Boite 6.5 Carplay Absolument rien a faire, trÃ¨s bonne condition Trop gros pour mes besoins, j'ai achetÃ© ...",23000,196000,15734,15500,2018,FORD,F150,S
2014 Ram 1500,"La voiture est dans un Ã©tat exceptionnel. plein de changements, nouveau pare-chocs arriÃ¨re, couvre boite neuve , l'avant de la voiture est Ã©levÃ© de 2â€™â€™, des ballons sont installÃ©s derriÃ¨re, spacers ...",12400,190000,9530,5500,2014,RAM,1500,ST
2014 Ram 1500,"La voiture est dans un Ã©tat exceptionnel. plein de changements, nouveau pare-chocs arriÃ¨re, couvre boite neuve , l'avant de la voiture est Ã©levÃ© de 2â€™â€™, des ballons sont installÃ©s derriÃ¨re, spacers ...",12400,190000,9530,7000,2014,RAM,1500,ST
2014 Ford F150,"Ford F-150 FX4 Supercrew LWB 2014 Pneus d'hiver et d'Ã©tÃ© En bon Ã©tat, bien entretenu 191 000 KM",14000,191000,8872,13000,2014,FORD,F150,S
2019 Gmc Sierra 2500Hd,"BAISSE DE PRIX,FERMETURE D'ENTREPRISE! Ã€ QUI LA CHANCE!! GMC Sierra 2500 hd 2019 v8 6.0 a essence, 4x4 Ã  bras 4 portes, intÃ©rieur en ruber ( work truck ) 4 pneus d'hiver nokian hakkapelutta LT3 Ã  ...",29995,173000,45203,18000,2019,GMC,SIERRA2500,OTHER
2016 Ram 1500,"Low KM 2016 Dodge Ram 1500 Hemi 4x4 Outdoorsman. Truck has 151,700 km on it. I have owned it since 2018 with 38,000km It has been a great truck. Selling because I donâ€™t use it anymore. The truck has ...",18000,151700,14381,11000,2016,RAM,1500,OTHER
2017 Chevrolet Silverado 1500,Testing waters on my truck. Owned it since new from dealer. Been really good to me. Have done regular maintenance to it. 203000km on it. AC doesnâ€™t work though just happened last summer. Prob just ...,18000,203000,,15300,2017,CHEVROLET,SLVRD1500,OTHER
2018 Gmc Sierra 1500,"2018 GMC Sierra SLT, 1500 4WD Crew Cab, Onyx Black â€¢ LOW KMs - 95,700 â€¢ 4 door Crew Cab, 6.6â€™ Bed with folding cover â€¢ Powered by an Ecotec3 5.3L DI V8, WT, AFM â€¢ 8-Speed Automatic transmission ...",33500,95000,24213,32500,2018,GMC,SIERRA1500,SLT
2022 Ford F150,"Extras include OEM Ford Tri-fold tonneau cover, tinted driver passenger windows, front level kit, rear wheel well inserts, Bushwacker Side flares, sprayed in bed liner, FUEL Wheels wrapped in ...",55000,90000,39875,54500,2022,FORD,F150,LIMITED
2014 Ford F150,Ford F-150,20000,120000,14422,15000,2014,FORD,F150,OTHER
2017 Ram 1500,âœ…âœ… it has Safety Certification âœ…âœ… No Accident.Clean carfax available âœ… Runs Really smooth and everything works great. Engine Hemi 5.7 V8 AC and Heater works great Wide screen with Backup camera ...,13500,181000,15784,10000,2017,RAM,1500_CLASSIC,OTHER
2013 Ram 1500,"Dodge Ram 1500 Quad Sport 4X4 2013 en excellente condition. Moteur 5.7 HEMI avec transmission automatique 8 vitesses. Camion A1, aucun problÃ¨me mÃ©canique. Ã‰quipements : Banc avant chauffant Volant ...",12500,148536,11481,6000,2013,RAM,1500,OTHER
2012 Ram 1500,"Iâ€™m selling my 2012 Dodge Ram 1500 Sport Mileage: 233,000 km 4WD 5.7L HEMI engine No accidents Clean title Very clean condition No warning lights on dashboard Aftermarket off-road rims and tires ...",15000,233000,4617,5000,2012,RAM,1500,SPORT
2012 Ford F150,Very well maintained 2012 5.0L Ford F-150 senior owned since new pw ps 4x4 backflip tonneau.. rear wheel well rust otherwise great truck !,5750,177000,13152,2650,2012,FORD,F150,S
2014 Ford F150,"I'm selling my 2014 Ford F-150 XLT, a reliable pickup truck that's ready for work or play. This used truck features a robust engine and a spacious cab, making it a great choice for anyone needing a ...",12000,189800,8967,8000,2014,FORD,F150,S
2016 Ram 1500,"2016 Ram 1500 5.7 V8. Truck is well maintained, never has any issues. Always Maintained every 5.000 km. Mechanical is A1. Lastly Maintaned Oil Change and Coolant Fresh. Single Owner, garage kept. ...",21800,109000,17867,16000,2016,RAM,1500,ST
2017 Ford F150,Selling my one original owner mature driver extraordinary condition 2017 F150 XLT 4X4 I bought brand new in March of 2017. Regular cab w 8 ft box which is hard to find that hasn't been beat up as a ...,37900,24700,28067,31000,2017,FORD,F150,XLT
2018 Gmc Sierra 1500,"This is a 2018 GMC Sierra 1500 SLE, boasting a powerful 5.3L V8 engine and the rugged Z71 package, perfect for both work and play. With 248,000 kilometers on the odometer, this truck has been ...",17500,248000,10982,7000,2018,GMC,SIERRA 1500,SLE
2019 Ford F150,2019 Ford F150 XLT 5.0 V8 4x4 Was used as my work truck Runs and drives excellent Replaced brakes all around recently Interior needs a good cleaning / detail Body has no rust Underneath is clean Body ...,15000,185600,18649,10500,2019,FORD,F150,S
2021 Ford Super Duty F550 Drw,"2021 Ford F-550 Crew Cab 4x4 Dump â€“ One Owner, Work Ready Location: Porters Lake, NS One-owner 2021 Ford F-550 Crew Cab 4x4 dump truck powered by the 6.7L PowerStroke Diesel paired with a 10-speed ...",67500,126000,67301,40000,2021,FORD,F550,S
2017 Gmc Sierra,I m seling my gmc sierra 1500 2017 Good condition safety included,12250,225000,14194,12000,2017,GMC,SIERRA1500,OTHER
2020 Ram 1500,"I am selling a black Ram 1500 Rebel (EcoDiesel), a robust and stylish pickup truck that's ready for any adventure. Please note that this vehicle is used, and there is some damage on the tailgate. ...",35000,142000,29140,31000,2020,RAM,1500,REBEL
2013 Ford F150,2013 f150 6 passenger V8 strong family/work truck engine is smooth transmission shifts nice body is clean from rust but has a few scratches and dings as I used it for work interior for the most part ...,10000,165490,13944,3000,2013,FORD,F150,S
2013 Ford F150,"Selling my Truck! Ford F-150 Lariat / Fully Loaded / Year: 2013 / Engine Size: 3.5L/6cyl Ecoobost / 177,000 Km / No Rust / No Oil Leaks / Sport Drums / Very Nice Sound / Big Wheels / Engine and ...",10900,177000,7980,13000,2013,FORD,F150,S
2015 Chevrolet Silverado ,Runs and drives great engine and transmission are good 2015 fully loaded nice maintained Brand new tires brakes routers Good shape everything works No rust no accidents good truck Reason for sale I ...,8300,200000,,10500,2015,CHEVROLET,SLVRD1500,RS
2017 Chevrolet Silverado z71 1500 LT ,"Up for sale: 2017 Chevrolet Silverado z71 LT 4*4 224,000km 6.6ft box 22"" rims",22500,224000,,12000,2017,CHEVROLET,SLVRD1500,LT
2019 Ford F150,2019 Ford F150 XLT 5.0 V8 4x4 One owner Runs drives solid Aluminum body so no rust Clean truck Back up cam Cruise control 2 sets of keys Accident free Priced very fair No low ballers No trades Will ...,16900,118500,24352,25500,2019,FORD,F150,XLT
2019 Ford F150,2019 Ford F150 XLT 5.0 V8 4x4 One owner Runs drives solid Aluminum body so no rust Clean truck Back up cam Cruise control 2 sets of keys Accident free New front wheel bearings New water pump New ...,18900,117000,24323,25000,2019,FORD,F150,S
2019 Ford F150,2019 Ford F150 XLT 5.0 V8 4x4 One owner Runs drives solid Aluminum body so no rust Clean truck Back up cam Cruise control 2 sets of keys Accident free New spark plugs and coils Will need driver side ...,17900,118000,24392,25000,2019,FORD,F150,S
2015 Ram 1500,"2015 Dodge Ram 1500 4x4 V6 3.6 Engine No any mechanical issues! NO RUST! Nice condition, Runs and drives smooth New engine oil and transmission oil Good brakes! Brand new tires set 202.000 km $10.000 ...",10000,202000,9705,6300,2015,RAM,1500,OTHER
2015 Ram 1500,"2015 Dodge Ram 1500 4x4 V6 3.6 Engine Good condition, No Rust! Runs and drives smooth, Engine and transmission strong New engine oil and transmission oil Brand new all season tires No any warning ...",9000,202000,9913,7000,2015,RAM,1500,ST
2013 Ford F150,"Selling my Truck! Ford F-150 Lariat / 4X4 / Fully Loaded / Year: 2013 / Engine Size: 3.5L/6cyl Ecoobost / 177,000 Km / No Rust / No Oil Leaks / Sport Drums / Very Nice Sound / Big Wheels / Engine and ...",11500,177000,7980,11000,2013,FORD,F150,S
2014 Ford F150,"I am selling my truck: Ford F-150 fx4 in very good condition, engine and transmission run great, year: 2014, 171,000 km, engine size: 3.5L/V6 Ecoboost, 4X4 runs great, fully loaded, no rust and no ...",10700,171000,14002,10700,2014,FORD,F150,S
2017 Gmc Sierra 1500,Certified truck for sale Thanks vin number 3GTU2MEC0HG429880 chek all information if you like then text me only serious buyer thanks,32000,192358,13990,12000,2017,GMC,SIERRA1500,OTHER
2016 Ram 1500,"224,464 km will climb as it is daily driven heated and ac seats front heated seats rear heated steering wheel 4x4 sunroof came with air ride suspension but put struts in it as the air pump froze ...",16500,224000,8566,9000,2016,RAM,1500,LIMITED
2015 Ram 1500,"2015 Ram 1500 ST crew cab 4x4. Truck is being sold as is asking $9,500 obo.",9500,229000,5610,4500,2015,RAM,1500,ST
2014 Chevy LT 1500,"Runs and drives great , has a brand new transmission last month with full warranty on it! Done at a certified GM dealer! Transferred jobs driving to much now and thatâ€™s why Iâ€™m selling it! Heated ...",14500,243528,,6000,2014,CHEVROLET,SLVRD1500,OTHER
2018 Gmc Sierra 1500,Selling my 2018 gmc sierra. Will do the saftey certification for serious buyers. Selling bc crew is bigger and need more room,16000,185000,16828,12000,2018,GMC,SIERRA1500,OTHER
2021 Silverado 1500 tail boss LT,"Trail boss LT with 144,901 km . Tires and brakes done last fall. Have 27, 000 km on the tires . Undercoated every fall. Great truck . Feel free to msg me for any more info.",40500,144901,,35000,2021,CHEVROLET,SLVRD1500,LT
2022 Ford F150,"Professionally installed 3.5 inch lift kit, with 35â€ Toyo tires and fox shocks. XLT, SuperCrew, Sport Package, 5L V8, 6.5â€™ box Cloth Interior, Touch Screen, Back Up Camera Running Boards, Fog Lights, ...",46500,32200,43003,43000,2022,FORD,F150,S
2016 Ford Super Duty F250 Srw,Please call me if you are interested.I hate communication with text message.Thank you. 6475811018,16000,200000,14685,17000,2016,FORD,F250,XLT
2016 Ram 1500,"Testing the water on my truck, looking to switch to a smaller vehicle due to career changes. 2016 Ram 1500 outdoorsman echo diesel Truck is great on diesel will give 700km+ Truck has 0 problems and ...",20000,246500,6638,9600,2016,RAM,1500,OUTDOORSMAN
2017 Chevrolet Silverado 1500,"2017 Chevrolet Silverado 1500 LT. 1 owner, 257000km, non smoker, no accidents, transmission was rebuilt last July (still under warranty) new AC condenser, coolant reservoir, thermostat. New rotors, ...",18000,257000,8928,9500,2017,CHEVROLET,SILVERADO 1500,LT
2017 Ford Super Duty F250 Srw,"F 250 reg cab 4x4 ,6.2 gas , great shape comes with straight blade western 8 ft snow plow . Plough went on last year and truck was never a plough truck before that this truck was used as a spare and ...",29999,220000,23586,13000,2017,FORD,F250,S
2017 Ford Super Duty F350 Srw,"Excellent Condition, Well Maintained Ford F350 Super Duty Lariat 4X4 For Sale - Comes With Plow - Has 5th Wheel Hookup Already - Adjustable Air Suspension - Set Of Factory Wheels - Has 20"" Wheels ...",40000,243417,21921,31000,2017,FORD,F350,S
2012 Ram 1500,"2012 Dodge Ram 1500 Big Horn â€“ 5.7L HEMI Selling my 2012 Dodge Ram 1500 Big Horn with 181,000 km. Truck runs and drives strong with the powerful 5.7L HEMI V8 engine. Very reliable and ready for work ...",6200,181000,8526,7200,2012,RAM,1500,BIG HORN
FORD PLATNUM for sale,This 2024 ford crew cab 4x4 platinum edition has a 6.7 high out put power stroke diesel engine every option available trucks has high km but 80 % of it is highway millage its never been a tow truck ...,115500,136611,,92000,2024,FORD,F450,S
2013 chev Silverado ext. cab 4x4 170k kms exc. shape must see,Very clean inside and out 4.8 ltr eng so no cylinder shut down very reliable drives smooth and quiet no leaks brake control installed comes with new snow tires installed on rims as well as summer ...,13900,170,,6000,2013,CHEVROLET,SLVRD1500,LT
2014 Chevrolet Silverado Z71 Pickup Truck! ,Looking to sell my pickup truck because need something smaller runs and drives very well. Everything works perfect fully loaded with all the luxury futures. comes with 5.3 powerful engine Clean title ...,13500,208000,,12000,2014,CHEVROLET,SLVRD1500,OTHER
2015 Ram 1500,"Needs new brakes and rotors and front wheel bearing , has a new transmission installed at Mr transmission , receipts provided , new tires . Price reveals work needed Best offer takes it",6500,235000,7103,7500,2015,RAM,1500,OTHER
2015 Gmc Sierra 1500,Truck runs and drives good with strong 4x4 performance. 5.3 engine Everything works as it should Comfortable interior and ready for daily use or work. Well-maintained solid pickup.,11800,204000,9276,8000,2015,GMC,SIERRA,OTHER
2025 Gmc Sierra,"2025 GMC AT4X 2500HD AEV edition!!! Truck is in new condition with only 12,000km fully loaded with everything you need/want and more! *Tinted windows *Hard tri-foldTonneu cover *Power running boards ...",128000,12000,67255,103000,2025,GMC,SIERRA2500,AT4
2025 Gmc Sierra 2500Hd,"2025 GMC AT4X 2500HD AEV edition!!! Truck is in new condition with only 12,000km fully loaded with everything you need/want and more! *Tinted windows *Hard tri-foldTonneu cover *Power running boards ...",123500,12150,83701,103000,2025,GMC,SIERRA2500,AT4
2025 Gmc Sierra 2500Hd,"2025 GMC AT4X 2500HD AEV EDITION!!! Want the king of the road that will turn heads well this is it!! Truck is in new condition with only 12,200km fully loaded with everything you need/want and more! ...",123000,12200,83698,103000,2025,GMC,SIERRA2500,OTHER
2011 Ram 1500,DODGE RAM 1500 LARAMIE EDITION QUAD CAB Year 2011 - Gasoline 5.7 Hemi V8 400Hp - Red Automatic Transmission 8 Speed Auto Genuine Kilometres only 182.000 One Owner From New Service history Book Keys ...,14800,182000,6753,5500,2011,RAM,1500,LARAMIE
2017 Ram 1500,TRUCK-PICKUP - DODGE RAM 1500 SPORT 2017 Gasoline 5.7 Hemi V8 4x4 420hp - Crew Cab Colour Dark Metallic Grey - Kilometres 220.000 Automatic Transmission 8 Speed Auto - Clean Title In Hand - No ...,11800,220000,12306,12000,2017,RAM,1500,SPORT
2015 Gmc Sierra,"2015 GMC Sierra 4x4 Four door Crew Cab. 5.3 L V8 engine. In good condition, well maintained. No accidents. Selling AS IS, needs the following done to pass safety: - rocker panels need to be replaced ...",12000,179000,17616,10000,2015,GMC,SIERRA1500,OTHER
2018 Ram 1500,2018 Ram 1500 4x4 Quad Cab Best value and price you will find for a solid 2018 Ram with good mileage and okay condition! Ram 1500 Express - Quad Cab - Hemi 5.7L 4x4 Smooth and strong running (395 ...,15250,152500,19921,17000,2018,RAM,1500,OTHER
2019 Ram 1500 Classic,"2019 dodge ram warlock 4x4 in excellent condition clean carfax , asking price is 29 000 safety or 28000 as is price is firm ( no lowball offer please)",29000,130000,20239,25500,2019,RAM,1500 CLASSIC,WARLOCK
2020 Ram 1500,Selling a 2020 ram 1500 tradesmen 140000km Comes with: weathertek mats Linex spray in bedliner 5.7 V8 Hemi engine 4WD Bluetooth Cruise control Class 4 hitch and 2â€ ball Has a tonneau cover now,27000,140000,29318,21500,2020,RAM,1500,OTHER
2021 Gmc Sierra 1500,2021 GMC pickup 4x4 5.3 L V8 Original owner well kept truck All highway kms Sold safetied Located in Arnprior,29999,165000,32357,23000,2021,GMC,SIERRA1500,OTHER
2021 Ram 1500,"Private Sale By Original Owner. Accident Free Truck. Safety Certified. Less than 71,000 kms! Night Edition with Sub Zero Pkg, Wheel & Sound Group, trailer brake control, class IV hitch receiver, LED ...",31700,70652,38512,26500,2021,RAM,1500_CLASSIC,NIGHT
2022 Ford F150,2022 Ford f150 lariat 502 package. 3.5l Ecoboost. Truck has every option. Full black and brown leather. Heated cooled seats. Moonroof. Full rubber floor mats.Towing package including tow mirrors and ...,48000,126000,34819,37000,2022,FORD,F150,S
2022 Ram 1500,"2022 Ram 1500 5.7L V8 Engine: 5.7L HEMI 395 hp @ 5,600 rpm; 410 lb-ft of torque @ 3,950 rpm Fuel Economy: Approx. 16.1 L/100km city / 11.0 L/100km highway Max Towing: Up to 12,750 lbs (5,783 kg) Max ...",29000,61000,32788,29000,2022,RAM,1500 CLASSIC,OTHER
2013 Ram 1500,2013 ram 1500 sport 180k kms Excellent condition Leather interior heated seats and steering wheel Big screen Saftied Oct 2025 Brand new 5.7 hemi engine painted mopar red (Sept 2025) Brand new all ...,20000,180000,9393,10500,2013,RAM,1500,SPORT
2019 Ford F150,2019 F150 Lariate 502 A package Fully loaded 5.0L V8 Comes with winter tires and rims 1st 40 grand takes it away Price is firm no trades Original owner,40000,167000,20285,28000,2019,FORD,F150,LARIAT
2020 Chevrolet Silverado 1500 LTZ,"2020 Silverado with 2â€ lift upgraded rims and tires, also has airbags on the back for extra weight capacity, it has 260k on a 6.2ltr, 90% highway miles, I used to go back and forth to Hamilton from ...",29000,260000,,27500,2020,CHEVROLET,SLVRD1500,LS
2021 Ford F150,"looking to sell my 2021 Ford F150 comes with original and winter tires ~164,000km mostly highway kms new battery installed January 2026 regular oil changes if interested and want more info just ...",37000,164000,29821,32000,2021,FORD,F150,LARIAT
2017 Gmc Sierra,"Selling my 2017 GMC Sierra 1500 SLT. - Currently has 79,137 KM on it. - 5.3 V8 Engine - Leather interior with centre console. - Spray in bed liner. - Weather tech floor mats - Heated steering wheel. ...",34000,79137,28424,30000,2017,GMC,SIERRA1500,SLT
2018 Ford F150,"2018 Ford F150 XLT - **Safetied** 4x4 Ecoboost - V6 235,651 Kms Second Owner Good working order, mantained, elderly driven 22,000 obo Contact (548) 836-9036 for more info",22000,235651,12098,18000,2018,FORD,F150,S
2014 Chevrolet Silverado 1500,"2014 Chevrolet Silverado 1500 double cabe 4x4 automatic 158km car starter, seats 6 5.3L tonneau cover 6.7 box size Runs great Recently new brakes Wonâ€™t need much for safety Asking $16900 obo Port ...",16900,158000,,10000,2014,CHEVROLET,SLVRD1500,OTHER
2015 Chevy Silverado LS Crew Cab,"Selling my 2015 Chevrolet Silverado 1500 LS Crew Cab, a reliable truck with 177,850 km on the odometer. This truck has been a dependable workhorse and is ready for its next adventure. Being a used ...",12500,177850,,9500,2015,CHEVROLET,SLVRD1500,LS
2016 Ram 1500,"2016 Dodge Ram 1500 Hemi Sport Truck is immaculate! Always serviced with synthetic. Brand new brakes, tires and bearings just installed. Only 126,818 km Truck is ready to go Asking $38,000",38000,126818,16551,25000,2016,RAM,1500,SPORT
"2018 CHEVROLET SILVERADO 1500 4X4 DOUBLE CAB 6'5"" BOX, $22,000","Excellant shape, 4X4, towing package, fiberglass cap, cloth seat, a/c works, cruize control, 20"" wheels, new tires, will certify, 5.3L, automatic, 6 speed transmission, runs and looks great, ASKING ...",,112600,,24500,2018,CHEVROLET,SLVRD1500,OTHER
2016 Gmc Sierra 3500Hd,"2016 Gmc Sierra Denali, Diesel 245000 klms has some damage to box and bumper, new brakes,batteries, alternator,call for viewing 289 501-5279",34000,245000,15881,36000,2016,GMC,SIERRA 3500HD,DENALI
2025 Gmc Sierra 2500Hd,2025 gmc sierra sle 2500 HD 6.6 Duramax Diesel Crew cab Boite courte 6.5 pied 4x4 Alison automatique 15 000 km seulement Full garantie 1 changements d huile incus 6 places avec 2 consoles Siege et ...,88000,15000,83500,76000,2025,GMC,SIERRA 2500HD,SLE
2016 Ford F150,"Nice Grey fully loaded Lariat truck, 252000 kms ,no rust( Aluminum body)a few scratches, runs fine. Fog lights, Bluetooth, Android Auto, cd player, remote start, two key fobs, heated and cooled seats ...",14999,252000,8681,10500,2016,FORD,F150,LARIAT
2016 Ram 1500,Great condition inside and out 2 sets of tires and aftermarket rims available $22000,22000,258000,5697,10000,2016,RAM,1500,OTHER
2011 Ram 1500,"I'm selling my 2011 Dodge Ram 1500, a reliable pickup truck that's ready for work or play. This blue beauty has been well-maintained and is in good condition for its age, making it a dependable ...",10500,160000,8817,3000,2011,RAM,1500,OTHER
2013 Ram 1500,"2013 dodge ram 1500 Big horn 5.7 hemi 4x4 great truck runs and drives excellent great shape for the year. Has remote start. Bluetooth screen with big cluster. Interior in good shape no tears or rips, ...",13500,145000,12075,8500,2013,RAM,1500,BIG HORN
2021 Ford F150,"2021 Ford F-150 Lariat 5.0L Ti-VCT V8 engine (producing 400 horsepower and 410 lb-ft of torque), paired with a 10-speed automatic transmission 4x4 system with the FX4 Off-Road Package (includes ...",45000,105000,35270,46000,2021,FORD,F150,S
2022 Silverado LT low km Florida Truck extremely clean,Leave name and number for a reply Loaded Trail Boss extremely clean in out and under Over $16800 in Extra pre ordered options over LT Leave name and number for a reply Financing available threw ...,46500,100580,,39000,2022,CHEVROLET,SLVRD1500,LT
2023 Gmc Sierra 1500,"2023 GMC Sierra 4X4 6.5' Box CERTIFIED Excellent condition, original owner, extended warranty, new tires, new windshield, under coated, tonneau cover, back rack no accidents. No trades! Yes it is ...",41500,86200,44168,35000,2023,GMC,SIERRA1500,OTHER
2012 Ram 1500,I love this track I just want something bigger,14500,173000,9146,6500,2012,RAM,1500,ST
2014 Silverado Z71 fully loaded,"2014 Chevy Silverado Z71 Alberta plated 5.3 L dual exhaust. Fully loaded leather one owner new transmission 40k ago rebuilt motor 5 k ago, all GM parts. New winter tires, drone app to track and start ...",13000,227000,,6000,2014,CHEVROLET,SLVRD1500,OTHER
2018 Ford F150,"2018 Ford F150 platinum with 81,000 km on it truck well maintained in very good condition comes safetied. Comes with the following features 3.5 L eco boost 3.55 electronic locking rear axle Twin ...",44999,82000,24870,34000,2018,FORD,F150,PLATINUM
2019 Ford F150,"Looking to sell my 2019 F-150 Limited Loaded 3.5L ecoboost, 10spd trans Brand new 35x12.50 Toyo MT 5.5â€™ box Tri-fold tonneau cover Spray-in bedliner Power running boards etc $39,500 OBO Factory ...",39500,80000,27254,39000,2019,FORD,F150,LIMITED
2011 Chevrolet Silverado 1500 173km,173km Need work Try your trade open to offer,5000,174000,,3500,2011,CHEVROLET,SLVRD1500,OTHER
2017 Ram 1500,"2017 Ram SLT 5.7 Hemi,152,000kms. New rocker panels,chrome running boards, soft tonneau cover. New Tires, brakes, certified. Well maintained.",18900,152000,18232,12000,2017,RAM,1500,SLT
2010 Ram 1500,"Automatique 5 vitesses Camion fiable, utilisÃ© tous les jours, roule A1 âœ” Lift kit + spacers âœ” Barre LED (idÃ©al bois / routes sombres) âœ” Suspension arriÃ¨re Ã  air âœ” Ã‰chappement modifiÃ© avec valves ...",9000,179000,6242,5000,2010,RAM,1500,OTHER
2019 Ford F150,"FORD F-150 XLT FX4 OFF-ROAD 2019 145 000 km â€“ Super propre â€“ PrÃªt pour la rentrÃ©e ! Camion fiable et solide, version FX4 Off-Road 4x4, intÃ©rieur tissu noir impeccable. TrÃ¨s bien entretenu, roule A1. ...",25000,145000,22178,24000,2019,FORD,F150,XLT
2010 Ram 1500,"2010 ram 1500 Sport 4X4 CrewCab 5.7L Hemi avec 160.000km Absolutely beautiful and clean Truck. 2 inch spacers to match the Flares. Tinted headlights and tail llights. Drives very good , Suspension ...",8500,160000,7731,13500,2010,RAM,1500,SPORT
2018 Ford F150,"Contact par tÃ©lÃ©phone seulement avec Jean Claude - 418 802-0496 ou Alain 418 803-1357 Ford F150 XLT 2018 moteur 5litres V8 transmission automatique 4x4, 150623,4 KM, air climatisÃ©, vitres ...",22500,150720,19140,12000,2018,FORD,F150,S
2013 Ram 1500,VÃ©hicule en excellente condition et toujours trÃ¨s bien entretenu. Pneus dâ€™hiver montÃ©s sur mags. Couvre-caisse et plateau coulissant.,14500,77050,16573,11500,2013,RAM,1500,OTHER
2015 Ram 1500,"2015 Ram 1500 Big Horn â€“ Crew Cab / Regular Bed â€“ 5.7L HEMI V8 â€“ No Accidents Private sale. Selling my 2015 Ram 1500 Big Horn Crew Cab (regular bed) with 205,000 km and the 5.7L HEMI V8. This truck ...",14999,205,24920,10500,2015,RAM,1500,BIG HORN
2024 Ram 1500,Model Year 2024. See pic for specs. Daily driver truck. No accidents.,56999,41000,49474,52500,2024,RAM,1500,SPORT
2025 Gmc Sierra 1500,2025 GMC Sierra Denali 4WD Crew cab MIleage 14500 KM Fully Loaded 1 owner & driver Ceramic Coated 3.0 Diesel Auto Running boards Car Fax available MSRP $95829.00 Private sale buyer picks up at GM ...,77807,14500,51383,70500,2025,GMC,SIERRA1500,DENALI
2015 Ram 1500,"For Sale Dodge Ram 2015 4x4 3,6 Run and drive smooth Fresh oil change Needs nothing for safety, tires/brakes in good condition, lights etc works as it should Comes with 3 keys and trunk cover ...",10500,185000,11340,8000,2015,RAM,1500,OTHER
2014 Gmc Sierra 1500,"2014 GMC Sierra 4,3V6 207000kms Cosmetically, it shows signs of use, Cab corners and rockers need replaced Needs brakes, no engine lights on but burn little bit of oil $5000 or best offer, with roof ...",5000,207000,7356,8000,2014,GMC,SIERRA,OTHER
2018 Chevrolet Silverado 1500,"Well-maintained 2018 Chevrolet Silverado 1500 Crew Cab 4x4 with the 153â€ wheelbase. Full four-door crew cab provides excellent passenger space, and the 4x4 drivetrain makes it reliable year-round.",28000,155000,19989,17000,2018,CHEVROLET,SILVERADO 1500,SS
2019 Chevrolet Silverado 1500,Exellent condition,28000,145000,25090,26000,2019,CHEVROLET,SILVERADO 1500,OTHER
2021 Chevrolet Silverado 1500,"2021 trail boss LT, undercoated every year, serviced regularly. Tires have 27000 km on them and brakes were done last fall  . Great truck . If you have anymore questions feel free to message me. Thanks .",40500,144901,29593,32000,2021,CHEVROLET,SILVERADO 1500,LT
2024 Chevrolet Silverado 1500,"Chevrolet Silverado High Country, peu utilisÃ©.  Les crests ont Ã©tÃ© changÃ©s pour des noirs.  Sur la garantie prolongÃ©e.",82000,12952,42426,68000,2024,CHEVROLET,SILVERADO 1500,RS
2016 Chevrolet Silverado 1500,Chevy Silverado double cab 5.3 v8 4x4 ,18000,144000,15054,19000,2016,CHEVROLET,SILVERADO 1500,OTHER
2019 Chevrolet Silverado 1500,Exellent condition,28000,145000,25090,26000,2019,CHEVROLET,SILVERADO 1500,OTHER
2021 Chevrolet Silverado 1500,"Single Owner, no accidents, excellent condition and well maintained. ",28500,160000,28142,24000,2021,CHEVROLET,SILVERADO 1500,OTHER
2024 Chevrolet Silverado 1500,2024 Chevrolet Trail Boss LT - Midnight Package Edition. 5.3L ECOTEC3 V8 10-SPD AUTOMATIC TRANSMISSION,58000,80000,39494,42000,2024,CHEVROLET,SILVERADO 1500,ECO
2024 Chevrolet Silverado 1500,2024 Chevrolet Trail Boss LT - Midnight Package Edition. 5.3L ECOTEC3 V8 10-SPD AUTOMATIC TRANSMISSION,58000,80000,39494,42000,2024,CHEVROLET,SILVERADO 1500,ECO
2021 Chevrolet Silverado 2500,2021 Silverado High Country 2500 HD with the 6.6 L Duramax FLAWLESS MOSAIC METALLIC BLACK 2021,72000,111000,32746,54000,2021,CHEVROLET,SILVERADO 2500,OTHER
2019 Dodge RAM,5.7 V8,21000,155000,,21500,2019,DODGE,RAM,OTHER
2021 Dodge RAM,"2021 Dodge Ram 1500 with HEMI engine, in excellent condition.",30500,80000,26622,27500,2021,DODGE,RAM,OTHER
2011 Dodge RAM,"I&#x27;m selling my 2011 Dodge Ram 1500, a reliable pickup truck that&#x27;s ready for work or play. This blue beauty has been well-maintained and is in good condition for its age, making it a dependable choice for anyone in need of a sturdy vehicle. Please note that this is a used vehicle, so it has the normal wear and tear. ",10500,160000,8564,3000,2011,DODGE,RAM 1500,ST
2014 Ford F 150,Clean. Auto.  No rust. No trades. No payments. Come with cash,10000,83000,6402,7000,2014,FORD,F 150,S
2016 Ford F 150,2016 F-150 Lariat Supercrew,21500,204000,4646,17000,2016,FORD,F 150,OTHER
2016 Ford F 150,"Selling a clean, well-maintained 2017 Ford F-150 Lariat. This truck features a<strong> 3.5L EcoBoost engine</strong> paired with the <strong>10-speed automatic transmission</strong>.",31900,115250,7758,25000,2016,FORD,F 150,S
2017 Ford F 150,"Perfect condition, everything looks new, never used for work, two sets of chrome rims 20â€™s, two key fobs, leather, side steps.",27900,143500,8919,17500,2017,FORD,F 150,OTHER
2012 Ford F 150,"Great running truck. Just safetied, including brand new tires, new brakes, ball joints &amp; wheel bearings. Hst to be added to the sales price.",14500,194440,2039,6500,2012,FORD,F 150,S
2016 Ford F 150,"Looking for a dependable, well-maintained truck thatâ€™s ready for work and or pleasure? This <strong>White Ford F-150 Sport 4x4</strong> with <strong>153,000 km</strong> is in <strong>excellent condition</strong> and comes <strong>fully certified</strong>, giving you confidence from the moment you drive away. Priced at <strong>$21,938</strong>, it offers outstanding value for a truck known for capability, comfort, and long-term reliability. With its Sport package, clean interior and complete with sealed bed liner and soft cover for anyone who wants a tough, stylish pickup thatâ€™s been cared for the right way.",21938,153000,,26000,2016,FORD,F 150,S
2014 Ford F 150,"<strong>2014 Ford F150 FX4 SuperCrew Gasoline 3.5L (4-Door) â€“ 207,000KMS</strong>",15800,207000,2784,9000,2014,FORD,F 150,S
2016 Ford F 150,"Looking for a dependable, well-maintained truck thatâ€™s ready for work and or pleasure? This <strong>White Ford F-150 Sport 4x4</strong> with <strong>153,000 km</strong> is in <strong>excellent condition</strong> and comes <strong>fully certified</strong>, giving you confidence from the moment you drive away. Priced at <strong>$21,938</strong>, it offers outstanding value for a truck known for capability, comfort, and long-term reliability. With its Sport package, clean interior and complete with sealed bed liner and soft cover for anyone who wants a tough, stylish pickup thatâ€™s been cared for the right way.",21938,153000,,11000,2016,FORD,F 150,S
2016 Ford F 150,2016 F-150 Lariat Supercrew,21500,204000,4646,17000,2016,FORD,F 150,OTHER
2022 Ford F 150,"Professionally installed 3.5 inch lift kit, with 35â€ Toyo tires and fox shocks.",46500,32150,,45000,2022,FORD,F 150,S
2019 Ford F 150,2019 F-150 4x4 SUPERCAB,24000,176000,5822,18000,2019,FORD,F 150,OTHER
2019 Ford F 150,"Two tone retro paint, excellent condition",35000,104000,16289,26500,2019,FORD,F 150,OTHER
2018 GMC 1500,"2018 GMC Sierra SLT, 1500 4WD Crew Cab, Onyx Black - $33,500",33500,95000,24213,32500,2018,GMC,1500,SLT
2018 GMC 1500,This is a 2018 gmc sierra 1500 fully loaded with 237000 km highway driven ,22000,237000,,12000,2018,GMC,1500,OTHER
2011 GMC Sierra 1500,GMC Sierra 1500 Crew Cab â€“ Nevada Edition,8450,189000,5721,2000,2011,GMC,SIERRA 1500,OTHER
2024 GMC Sierra 1500,"Truck is fully loaded in perfect condition. Full paint protection film wrap with ceramic coating on hood, fenders, front bumper, all doors and sides of bed. No dent or scratches of any kind. Has the Denali reserve package which includes the power steps, 6.2 V8 engine with active exhaust from the factory. Also comes with 4 trailer wheel sensors to detect the temperature and air pressure of your trailer wheels while towing (never used). Head up display, navigation, rearview mirror camera, dual power and heated seats, heated and cooled seats, Bose audio system, sunroof, factory spray in liner and also comes with BakFlip hard tonneau cover. The wheels shown in the photos are the winter wheels and the factory 22 inch wheels are in perfect condition (as shown in the summer photo). All maintenance is up to date and the truck is ready for its next owner. Sterling Grey metallic paint with black interior. Comes certified. No accidents and 1 owner. Comes with transferable GMPP warranty for 72 months for piece of mind.",71995,10000,51393,72000,2024,GMC,SIERRA 1500,DENALI
2022 GMC Sierra 1500,22 sierra pro x31 offroad 5.3 v8.comes with at4 wheels and trifold tonneau cover. Slight damage from a tree branch falling on it but mechanically sound,38000,55000,45719,36000,2022,GMC,SIERRA 1500,AT4
2018 GMC Sierra 1500,GMC SIERRA DENALI 2018. Moteur 6.2L. 185 000KM,27999,185000,41784,22500,2018,GMC,SIERRA 1500,DENALI
2025 GMC Sierra 2500,2025 GMC AT4X 2500HD AEV edition!!! ,128000,12000,67255,105000,2025,GMC,SIERRA 2500,AT4
2017 RAM 1500,2017 dodge ram original from Saskatchewan Canada brought to Ontario Dec 2024 no rust  2 sets of tires,34200,156450,17867,9500,2017,RAM,1500,ST
2017 RAM 1500,Ram 1500 Rebel 2017. (Voir photos pour description complÃ¨te) ,25900,163500,17279,23000,2017,RAM,1500,REBEL
2016 RAM 1500,"This 2016 Dodge Ram Rebel is perfect for the truck guy who likes all the extras you would want in a truck. Power sunroof, heated leather seats, cruse control, 4x4, infinity stereo system and more. Tires are 2 years old and in great condition,  and it has brand new brakes. Air ride suspension in need of repair. Selling as is.",14997,221600,6774,11000,2016,RAM,1500,REBEL
2016 RAM 1500,Excellent car! No rust. Passed a safety test a few months ago. Many new parts. Fully serviced. Everything works! Reason for selling: looking for a smaller car.,20000,120000,17059,13500,2016,RAM,1500,ST
2016 RAM 1500,"?? Ã€ vendre : RAM 1500 (2016) â€” Saint-Sauveur, QuÃ©bec",15500,191000,11412,10000,2016,RAM,1500,OTHER
2016 RAM 1500,KilomÃ©trage : 143 800 km,15000,144000,15243,14500,2016,RAM,1500,OTHER
2022 RAM 1500,"Rame 2022, Big Horn noir, trÃ¨s trÃ¨s propre tout panoramique Mag, pneus hiver Ã©tÃ©",35500,54000,42411,31000,2022,RAM,1500,BIG HORN
2022 RAM 1500,"RAM, 2022, Big Horn, noir, trÃ¨s trÃ¨s propre toit, panoramique Mag, pneus Ã©tÃ© hiver",35500,54000,42411,31000,2022,RAM,1500,BIG HORN
2022 RAM 1500,"RAM, 2022, Big Horn, noir, trÃ¨s trÃ¨s propre toit, panoramique Mag, pneus Ã©tÃ© hiver",35500,54000,35406,31000,2022,RAM,1500,BIG HORN
2022 RAM 1500,"Rame 2022, Big Horn noir, trÃ¨s trÃ¨s propre tout panoramique Mag, pneus hiver Ã©tÃ©",35500,54000,35406,31000,2022,RAM,1500,BIG HORN
2019 RAM 1500,"3.7L, rear wheel drive",16500,130000,24819,16500,2019,RAM,1500,OTHER
2014 RAM 1500,2014 ram 1500 outdoorsman,16000,146185,12625,9500,2014,RAM,1500,OTHER
2019 RAM 1500,"3.7L, rear wheel drive",16500,130000,24819,16500,2019,RAM,1500,OTHER
2022 RAM 1500,"Dodge Ram Limited 2022, couleur bourgogne avec seulement 37,000 km, moteur V8 Hemi 5,7L MD VVT A/MDS",58995,37000,43653,49000,2022,RAM,1500,LIMITED
2018 RAM 1500,Fully loaded 2018 Longhorn Laramie. Small dent on front bumper. Non-smoking vehicle. Never been in an accident and Carfax report available. Also available is the Used Vehicle Information Package from Service Ontario for viewing which states $27947 wholesale and $33106 retail.,16500,269450,10019,11000,2018,RAM,1500,LARAMIE
2014 RAM 1500,2014 ram 1500 outdoorsman,17000,146185,12625,9500,2014,RAM,1500,OTHER
2016 RAM 1500,"2016 Dodge RAM 1500 4X4, 3.0 turbocharged diesel. 6&quot; lift, All Star wheels on 35&quot; tires. Automatic transmission,  power everything. Black on black. Looks and runs great",11000,300000,1570,4600,2016,RAM,1500,OTHER
2016 RAM 1500,"Dodge Ram 1500 Big Horn Hemi. 4WD CrewCab. Dual exhaust. Lady driven and regular maintenance. No issues, drives excellent. Original paint with a few minor scratches.",15000,216000,7859,8000,2016,RAM,1500,BIG HORN
2022 RAM 1500,"Magnifique camion sport, avec moteur performant V8 Hemi de 5,7 L, et differenciel de 3,92. Groupe remorquage ( rÃ©troviseurs de remorquage, contrÃ´leur de freins de remorque et attelage de remorque). Capot sport de performance ainsi que toit ouvrant panoramique Ã  2 panneaux. Radio avec Ã©cran 12 pouces, incluant GPS. SystÃ¨me de son performant de 9 haut-Parleurs Alpine. Ã‰quipÃ© d&#x27;un dÃ©marreur Ã  distance et d&#x27;un systÃ¨me de repÃ©rage TAG. Garantie transfÃ©rable de 7ans (reste 4 ans). Un seul propriÃ©taire, jamais accidentÃ© et tous les changements d&#x27;huile (SynthÃ©tique) chez le concessionnaire.",44900,74569,31655,43500,2022,RAM,1500,OTHER
2019 RAM 1500,"Certified!! 2019 ram 1500 sport 5.7L hemi engine 4x4, 6â€™4â€ box, backup camera, leather seats, heated seats, heated steering wheel, apple car play, aux, heated mirrors, tow package! ",30000,160000,22272,28500,2019,RAM,1500,SPORT
2020 RAM 1500,Ram 1500 2020 in a very good condition ,33000,170000,26584,30000,2020,RAM,1500,OTHER
2019 RAM 1500,"RAM 1500 TRADESMAN 2019 26,994.00 $",26994,118846,25722,23000,2019,RAM,1500,TRADESMAN
2021 RAM 1500,"RAM 1500 2021 en excellente condition. 79 900 km. Moteur V8 HEMI 5.7 L puissant et fiable. Camion robuste, look unique, idÃ©al autant pour le travail que pour le quotidien.",26000,79900,37792,28500,2021,RAM,1500,ST
2018 RAM 1500,"I have a 2018 ram 1500 ecodiesel. Truck has no rust no dents. Its been rust protected every year. Interior is in great shape. It&#x27;s has a box cover. The only thing wrong with the truck, it has a slight knocking sound coming from engine. Selling because I need a smaller vehicle as im getting old. if interested please call me at <strong></strong><strong></strong><strong>. I don&#x27;t check my messages regularly so calling is better.</strong>",9500,200000,16357,6000,2018,RAM,1500,ST
2020 RAM 2500,2020 Dodge RAM 2500 Tradesman diesel,56000,72764,40891,35300,2020,RAM,2500,TRADESMAN
2017 RAM 3500,"Upgraded comfort, heavy-duty capability and smart cargo organization. This 2017 RAM 3500 Laramie Longhorn Mega Cab is fully loaded; with RamBox cargo system pairs the durable 6.7L Cummins turbo diesel with the spacious Mega Cab and premium Laramie Longhorn interior â€” leather, wood accents and top-level comfort for long hauls.  Tinted windows and a Bison tonneau completes the clean look. New winter tires on black rims, summer tires on OEM alloy rims.",45000,214000,20331,29000,2017,RAM,3500,LARAMIE
